Datetime (UTC),Country,Zone name,Zone id,Carbon intensity gCO₂eq/kWh (direct),Carbon intensity gCO₂eq/kWh (Life cycle),Carbon-free energy percentage (CFE%),Renewable energy percentage (RE%),hour,day,month,weekday,is_outlier
2025-04-08 16:00:00,Kosovo,Kosovo,XK,314.72,348.72,57.46,56.61,16,8,4,1,True
2025-04-08 17:00:00,Kosovo,Kosovo,XK,309.77,342.76,58.13,57.47,17,8,4,1,True
2025-04-08 18:00:00,Kosovo,Kosovo,XK,309.91,342.57,58.3,57.73,18,8,4,1,True
2025-04-08 22:00:00,Kosovo,Kosovo,XK,307.76,343.03,57.97,55.05,22,8,4,1,True
2025-04-09 03:00:00,Kosovo,Kosovo,XK,269.62,301.75,63.29,61.18,3,9,4,2,True
2025-04-09 04:00:00,Kosovo,Kosovo,XK,208.86,237.09,70.88,70.47,4,9,4,2,True
2025-04-09 05:00:00,Kosovo,Kosovo,XK,175.48,200.79,75.64,75.51,5,9,4,2,True
2025-04-09 06:00:00,Kosovo,Kosovo,XK,209.25,239.47,70.81,68.8,6,9,4,2,True
2025-04-09 07:00:00,Kosovo,Kosovo,XK,266.94,302.56,63.7,58.74,7,9,4,2,True
2025-04-09 08:00:00,Kosovo,Kosovo,XK,277.75,313.32,62.83,57.36,8,9,4,2,True
2025-04-09 09:00:00,Kosovo,Kosovo,XK,317.66,354.5,58.08,50.95,9,9,4,2,True
2025-04-09 14:00:00,Kosovo,Kosovo,XK,296.0,330.54,60.05,58.08,14,9,4,2,True
2025-04-09 15:00:00,Kosovo,Kosovo,XK,243.43,274.46,66.72,64.88,15,9,4,2,True
2025-04-09 16:00:00,Kosovo,Kosovo,XK,224.75,254.68,68.49,67.22,16,9,4,2,True
2025-04-09 17:00:00,Kosovo,Kosovo,XK,220.2,249.17,69.25,68.06,17,9,4,2,True
2025-04-09 18:00:00,Kosovo,Kosovo,XK,232.91,262.05,67.89,66.3,18,9,4,2,True
2025-04-09 19:00:00,Kosovo,Kosovo,XK,245.14,275.13,66.2,64.63,19,9,4,2,True
2025-04-09 20:00:00,Kosovo,Kosovo,XK,261.25,292.93,64.2,62.12,20,9,4,2,True
2025-04-09 22:00:00,Kosovo,Kosovo,XK,313.64,349.93,57.09,53.47,22,9,4,2,True
2025-04-10 03:00:00,Kosovo,Kosovo,XK,308.22,343.87,57.93,54.95,3,10,4,3,True
2025-04-10 04:00:00,Kosovo,Kosovo,XK,240.8,271.45,66.67,65.55,4,10,4,3,True
2025-04-10 05:00:00,Kosovo,Kosovo,XK,212.68,239.65,71.06,70.78,5,10,4,3,True
2025-04-10 06:00:00,Kosovo,Kosovo,XK,229.04,261.65,67.99,65.15,6,10,4,3,True
2025-04-10 07:00:00,Kosovo,Kosovo,XK,244.79,280.58,66.06,62.35,7,10,4,3,True
2025-04-10 08:00:00,Kosovo,Kosovo,XK,233.02,268.38,67.89,64.6,8,10,4,3,True
2025-04-10 09:00:00,Kosovo,Kosovo,XK,244.65,280.27,66.49,62.65,9,10,4,3,True
2025-04-10 10:00:00,Kosovo,Kosovo,XK,262.51,298.27,64.29,60.17,10,10,4,3,True
2025-04-10 11:00:00,Kosovo,Kosovo,XK,271.32,306.32,63.2,60.02,11,10,4,3,True
2025-04-10 12:00:00,Kosovo,Kosovo,XK,277.48,311.88,62.57,59.28,12,10,4,3,True
2025-04-10 13:00:00,Kosovo,Kosovo,XK,249.66,280.73,66.42,63.89,13,10,4,3,True
2025-04-10 14:00:00,Kosovo,Kosovo,XK,247.59,277.97,66.51,64.69,14,10,4,3,True
2025-04-10 15:00:00,Kosovo,Kosovo,XK,273.98,306.16,62.66,60.44,15,10,4,3,True
2025-04-10 16:00:00,Kosovo,Kosovo,XK,218.1,246.45,69.91,68.68,16,10,4,3,True
2025-04-10 17:00:00,Kosovo,Kosovo,XK,203.91,230.06,71.96,71.33,17,10,4,3,True
2025-04-10 18:00:00,Kosovo,Kosovo,XK,215.77,242.69,70.41,69.53,18,10,4,3,True
2025-04-10 19:00:00,Kosovo,Kosovo,XK,244.14,273.04,66.74,65.36,19,10,4,3,True
2025-04-10 20:00:00,Kosovo,Kosovo,XK,274.83,307.31,62.51,60.24,20,10,4,3,True
2025-04-10 21:00:00,Kosovo,Kosovo,XK,304.92,339.03,58.64,56.18,21,10,4,3,True
2025-04-11 17:00:00,Kosovo,Kosovo,XK,294.37,326.6,59.99,59.83,17,11,4,4,True
2025-04-11 18:00:00,Kosovo,Kosovo,XK,282.01,313.69,61.49,61.41,18,11,4,4,True
2025-04-11 19:00:00,Kosovo,Kosovo,XK,312.86,347.18,57.23,57.0,19,11,4,4,True
2025-04-12 17:00:00,Kosovo,Kosovo,XK,318.04,351.99,56.96,55.94,17,12,4,5,True
2025-04-12 18:00:00,Kosovo,Kosovo,XK,315.36,348.17,57.78,56.77,18,12,4,5,True
2025-04-12 19:00:00,Kosovo,Kosovo,XK,316.02,349.62,57.42,55.99,19,12,4,5,True
2025-04-14 17:00:00,Kosovo,Kosovo,XK,308.42,341.78,58.09,57.85,17,14,4,0,True
2025-04-14 18:00:00,Kosovo,Kosovo,XK,307.93,341.34,58.05,57.89,18,14,4,0,True
2025-05-11 18:00:00,Kosovo,Kosovo,XK,316.04,348.53,58.08,57.23,18,11,5,6,True
2025-05-12 18:00:00,Kosovo,Kosovo,XK,311.3,344.03,58.23,58.16,18,12,5,0,True
2025-05-13 18:00:00,Kosovo,Kosovo,XK,308.69,341.06,58.54,58.4,18,13,5,1,True
2025-05-13 19:00:00,Kosovo,Kosovo,XK,315.07,348.17,57.59,57.42,19,13,5,1,True
2025-05-14 18:00:00,Kosovo,Kosovo,XK,317.11,352.0,56.48,56.35,18,14,5,2,True
2025-05-16 16:00:00,Kosovo,Kosovo,XK,307.13,339.84,59.1,57.92,16,16,5,4,True
2025-05-16 17:00:00,Kosovo,Kosovo,XK,272.45,302.35,63.44,63.24,17,16,5,4,True
2025-05-16 18:00:00,Kosovo,Kosovo,XK,266.4,296.85,63.7,63.67,18,16,5,4,True
2025-05-16 19:00:00,Kosovo,Kosovo,XK,293.38,325.26,60.11,60.06,19,16,5,4,True
2025-05-17 17:00:00,Kosovo,Kosovo,XK,240.34,270.08,66.9,66.42,17,17,5,5,True
2025-05-17 18:00:00,Kosovo,Kosovo,XK,231.26,260.72,67.55,67.22,18,17,5,5,True
2025-05-17 19:00:00,Kosovo,Kosovo,XK,252.59,284.24,64.29,63.77,19,17,5,5,True
2025-05-17 20:00:00,Kosovo,Kosovo,XK,275.41,307.95,62.03,60.7,20,17,5,5,True
2025-05-17 21:00:00,Kosovo,Kosovo,XK,314.9,349.29,57.58,54.96,21,17,5,5,True
2025-05-18 17:00:00,Kosovo,Kosovo,XK,295.18,328.12,60.11,59.49,17,18,5,6,True
2025-05-18 18:00:00,Kosovo,Kosovo,XK,270.09,301.36,63.29,62.89,18,18,5,6,True
2025-05-18 19:00:00,Kosovo,Kosovo,XK,276.71,308.32,62.33,61.91,19,18,5,6,True
2025-05-18 20:00:00,Kosovo,Kosovo,XK,311.59,346.09,57.74,56.49,20,18,5,6,True
2025-05-19 17:00:00,Kosovo,Kosovo,XK,307.47,342.49,57.35,57.32,17,19,5,0,True
2025-05-19 18:00:00,Kosovo,Kosovo,XK,305.1,339.84,57.59,57.53,18,19,5,0,True
2025-05-21 17:00:00,Kosovo,Kosovo,XK,317.12,352.06,56.65,56.6,17,21,5,2,True
2025-05-21 18:00:00,Kosovo,Kosovo,XK,310.51,344.74,57.48,57.43,18,21,5,2,True
2025-06-21 17:00:00,Kosovo,Kosovo,XK,299.48,345.47,51.07,50.66,17,21,6,5,True
2025-06-21 18:00:00,Kosovo,Kosovo,XK,264.66,313.21,52.9,52.53,18,21,6,5,True
2025-06-21 19:00:00,Kosovo,Kosovo,XK,251.42,301.0,53.59,53.18,19,21,6,5,True
